,_c_mean,_bt_median,graph_name
0,-1.1222159291348783,-1.3637611725103491,a. Erdos-Renyi
1,-3.0995285451467147,3.921836415415894,b. Watts-Strogatz
2,-1.7606175933698733,-0.6490972689636592,c. Watts-Strogatz
3,-1.6267053988229243,-1.3413614754306906,d. Watts-Strogatz
4,-0.9211599697545845,-0.6823150634237812,e. Barabasi-Albert
5,2.338103014086971,0.1155471747050168,f. Waxman
6,3.2803052040441143,0.4878824998086405,g. Waxman
7,4.443052290600703,0.8889219470865214,h. Waxman
8,-1.5312330725028138,-1.377653056687593,-crime
