,_dg_stdev,_c_stdev,graph_name
0,-0.03432291179751693,-1.3049914581436932,a. Erdos-Renyi
1,4.123428712663296,3.3080050162179613,b. Watts-Strogatz
2,1.2681580816266498,-0.9312580689640857,c. Watts-Strogatz
3,0.6315648421399027,-1.2567052431004204,d. Watts-Strogatz
4,0.0007645625273908972,-1.0391047183747752,e. Barabasi-Albert
5,-0.9570156241183876,0.0030987117877528574,f. Waxman
6,-2.6049089630118427,0.9497101399553449,g. Waxman
7,-3.766319721513363,1.831860306473519,h. Waxman
8,1.338651021483872,-1.5606146858516028,-software_dependencies (jung-c)
